{
    "rmse": 0.7645978517601713,
    "mae": 0.6278524194656784,
    "max": 2.2089436318783555,
    "lp4": 0.00968968307317298,
    "rrmse": 0.10000543157810665
}