{
    "rmse": 0.7645978517649176,
    "mae": 0.6278524194699566,
    "max": 2.2089436319001834,
    "lp4": 0.009689683073219876,
    "pearsonr": 0.9985963971694386
}