{
    "rmse": 0.08618419085026276,
    "mae": 0.06541696097069771,
    "max": 1.1445681499403193,
    "lp4": 4.064163828240782e-05,
    "rrmse": 0.18032445291704613
}