{
    "rmse": 0.08618419085026167,
    "mae": 0.0654169609706986,
    "max": 1.1445681499379594,
    "lp4": 4.064163828238075e-05,
    "pearsonr": 0.9844360000404122
}