{
    "rmse": 0.13339214891809859,
    "mae": 0.07440080493761343,
    "max": 0.35914482074440457,
    "lp4": 0.03661996585967021,
    "rrmse": 0.034715587601414515
}