{
    "rmse": 1.3976198541271143,
    "mse": 1.9533412566502963,
    "mae": 0.727601655072067,
    "max": 3.9621493491576985,
    "lp4": 0.399737742123205,
    "rrmse": 0.03637335096028674
}