{
    "rmse": 0.12199338722126758,
    "mae": 0.07141516696065082,
    "max": 0.31674053369351896,
    "lp4": 0.03261073220651395,
    "rrmse": 0.03174903587072045
}