{
    "rmse": 0.8894759698373711,
    "mae": 0.7299131207324681,
    "max": 2.503074162188568,
    "lp4": 0.011139526970113263,
    "rrmse": 0.11633884144085023
}