{
    "rmse": 0.014643918663946211,
    "mae": 0.011687067943366856,
    "max": 0.04081553289142903,
    "lp4": 0.001047143787705655,
    "rrmse": 0.0765448207846888
}