{
    "rmse": 0.012763759348227316,
    "mae": 0.012680099773260735,
    "max": 0.015355892784100433,
    "lp4": 0.0006871585706419517,
    "rrmse": 0.1325392617912714
}