{
    "rmse": 0.009873309597629321,
    "mae": 0.007085811837835631,
    "max": 0.045842604394673636,
    "lp4": 6.272622303412454e-05,
    "rrmse": 0.01804111487272859
}