{
    "rmse": 0.07121167725704554,
    "mae": 0.05689410283531659,
    "max": 0.26913261259519156,
    "lp4": 0.0005277272514439006,
    "rrmse": 0.1887550576898411
}