{
    "rmse": 0.07416969827004116,
    "mae": 0.05800122770633783,
    "max": 0.28791852165573506,
    "lp4": 0.0005568084094838176,
    "rrmse": 0.19659564575716554
}