{
    "rmse": 0.007365934024922432,
    "mae": 0.005381441262947583,
    "max": 0.035442783381246956,
    "lp4": 4.627842648284955e-05,
    "rrmse": 0.016947920899161074
}