{
    "rmse": 77.05158325562425,
    "mse": 5936.946482198397,
    "mae": 62.38155166414371,
    "max": 243.87692659743027,
    "lp4": 0.5565018190284512,
    "rrmse": 0.2042344261884382
}