{
    "rmse": 0.09309140642036409,
    "mae": 0.06997889950745033,
    "max": 1.6681324867843195,
    "lp4": 5.0130417499401136e-05,
    "rrmse": 0.1947765218704188
}