{
    "rmse": 0.003361971960625936,
    "mae": 0.0023581496424088843,
    "max": 0.008126932661690517,
    "lp4": 6.117218749405251e-05,
    "rrmse": 0.5458630405067793
}