{
    "rmse": 0.008124034107840046,
    "mae": 0.005926510513470068,
    "max": 0.014047370316856177,
    "lp4": 0.00013498026972900165,
    "rrmse": 0.8464445512400004
}