{
    "rmse": 0.0027133803286415337,
    "mae": 0.0013591448372556627,
    "max": 0.04691837757977402
}