{
    "rmse": 0.0027133803286415346,
    "mae": 0.0013591448372556646,
    "max": 0.046918377579773934,
    "lp4": 6.304235120583981e-06,
    "rrmse": 0.1045263998033236
}