{
    "rmse": 0.002323378159505094,
    "mae": 0.0010053516045044667,
    "max": 0.038335589302516807,
    "lp4": 5.337860294519424e-06,
    "rrmse": 0.12278642640126791
}