{
    "rmse": 0.002323378159505095,
    "mae": 0.0010053516045044676,
    "max": 0.03833558930251686
}