{
    "rmse": 0.008591684186200892,
    "mae": 0.005702216736167543,
    "max": 0.1228381317202345,
    "lp4": 1.6932421559381556e-05,
    "rrmse": 0.013476715844000202
}