{
    "rmse": 0.008591684186200894,
    "mae": 0.005702216736167546,
    "max": 0.1228381317202345
}