{
    "rmse": 0.01507093308620616,
    "mae": 0.008046916706300642,
    "max": 0.07333396461065433,
    "lp4": 0.00014928282867199784,
    "rrmse": 0.2084265376084573
}