{
    "rmse": 0.8894759698426303,
    "mae": 0.7299131207371538,
    "max": 2.503074162210396,
    "lp4": 0.011139526970185012,
    "pearsonr": 0.9984550534865273
}