{
    "rmse": 0.015070933086206098,
    "mae": 0.008046916706300578,
    "max": 0.07333396461065433,
    "lp4": 0.00014928282867199703,
    "pearsonr": 0.9797022174374578
}