{
    "rmse": 0.010347587224250417,
    "mae": 0.006745795969524437,
    "max": 0.15677763316980653,
    "lp4": 1.6235051872915624e-05,
    "pearsonr": 0.9998314004864977
}