{
    "rmse": 0.010347587224250415,
    "mae": 0.006745795969524429,
    "max": 0.15677763316980697,
    "lp4": 1.6235051872915658e-05,
    "rrmse": 0.018436758813985116
}