{
    "rmse": 0.09309140642036187,
    "mae": 0.06997889950744765,
    "max": 1.668132486783617,
    "lp4": 5.0130417499392916e-05,
    "pearsonr": 0.9816315035125179
}